CCC-UCON-02-01,The Goat Mayor,NR,"Fri Evening 8:00 PM"
CCC-UCON-02-01,The Goat Mayor,NR,"Sat Afternoon 2:00 PM"
"DC-POA-PND-2 / DC-POA-PND-3","What Skitters Below? / The Watcher in the Attic",GD,"Fri Morning 9:00 AM"
"DC-POA-PND-2 / DC-POA-PND-3","What Skitters Below? / The Watcher in the Attic",GD,"Sat Afternoon 2:00 PM"
WBW-DC-UCON-01,The Party that Split,DC,"Fri Evening 8:00 PM"
WBW-DC-UCON-01,The Party that Split,WJ,"Sat Afternoon 2:00 PM"
"DDAL-SJA-1 / DDAL-SJA-2","Orientation / Trial by Fire",NR,"Fri Morning 9:00 AM"
"DDAL-SJA-1 / DDAL-SJA-2","Orientation / Trial by Fire",DH,"Fri Afternoon 2:00 PM"
"DDAL-SJA-1 / DDAL-SJA-2","Orientation / Trial by Fire",TK,"Fri Evening 8:00 PM"
"DDAL-SJA-1 / DDAL-SJA-2","Orientation / Trial by Fire",MM,"Sat Morning 9:00 AM"
"DDAL-SJA-1 / DDAL-SJA-2","Orientation / Trial by Fire",DH,"Sat Afternoon 2:00 PM"
"DDAL-SJA-1 / DDAL-SJA-2","Orientation / Trial by Fire",MM,"Sun Morning 9:00 AM"
"DDAL-SJA-1 / DDAL-SJA-2","Orientation / Trial by Fire",TK,"Sun Afternoon 2:00 PM"
"DDAL-SJA-3 / DDAL-SJA-4","Realmspace Sortie! / Behold… H'Catha",NB,"Fri Morning 9:00 AM"
"DDAL-SJA-3 / DDAL-SJA-4","Realmspace Sortie! / Behold… H'Catha",NT,"Fri Afternoon 2:00 PM"
"DDAL-SJA-3 / DDAL-SJA-4","Realmspace Sortie! / Behold… H'Catha",DH,"Fri Evening 8:00 PM"
"DDAL-SJA-3 / DDAL-SJA-4","Realmspace Sortie! / Behold… H'Catha",NT,"Sat Morning 9:00 AM"
"DDAL-SJA-3 / DDAL-SJA-4","Realmspace Sortie! / Behold… H'Catha",MM,"Sat Afternoon 2:00 PM"
"DDAL-SJA-3 / DDAL-SJA-4","Realmspace Sortie! / Behold… H'Catha",NB,"Sun Morning 9:00 AM"
"DDAL-SJA-3 / DDAL-SJA-4","Realmspace Sortie! / Behold… H'Catha",MM,"Sun Afternoon 2:00 PM"
"WBW-DC-BEL",The Beautiful Blight of Belsinore,GD,"Fri Evening 8:00 PM"
"WBW-DC-BEL",The Beautiful Blight of Belsinore,GD,"Sun Afternoon 2:00 PM"
CCC-UCON-03,Straw Bears,EN,"Sat Morning 9:00 AM"
WBW-DC-WJ-1,Reflections in the Mirror,WJ,"Sat Morning 9:00 AM"
CCC-UCON-02-02,Rescue Down Under,KL,"Fri Morning 9:00 AM"
WBW-DC-UCON-02,Have You No Heart?,JR,"Fri Afternoon 2:00 PM"
WBW-DC-UCON-02,Have You No Heart?,JR,"Sat Morning 9:00 AM"
WBW-DC-UCON-02,Have You No Heart?,JR,"Sun Afternoon 2:00 PM"
"DC-POA-PND-4 / DC-POA-PND-5","Eateat Go Home? / What Stalks the Night?",KL,"Sat Morning 9:00 AM"
"DC-POA-PND-4 / DC-POA-PND-5","Eateat Go Home? / What Stalks the Night?",KL,"Sun Morning 9:00 AM"
DDAL-DRW-14,The City That Should Not Be,RM,"Fri Afternoon 2:00 PM"
DDAL-DRW-15,Frozen Whispers,NB,"Fri Evening 8:00 PM"
DDAL-DRW-16,Uprising,RM,"Sat Morning 9:00 AM"
DDAL-DRW-17,Expedition to the Supreme Forge,NB,"Sat Afternoon 2:00 PM"
DDAL-DRW-18,Against the Machine,NR,"Sun Morning 9:00 AM"